Workbook

Sheet Summary
A1: FINRA — Open Work Report
A2: Jira (megatron) · as of 14 Oct 2026 · In Progress, Needs Analysis, To Do
A4: Open FINRA tickets | B4: In Progress | C4: Needs Analysis | D4: To Do | F4: Prod Pod | G4: Hours logged
A5: =COUNTA('Prod Pod'!$C$5:$C$6)+COUNTA('Other FINRA'!$C$5:$C$133) -> 131 | B5: =COUNTIF('Prod Pod'!$C$5:$C$6,"In Progress")+COUNTIF('Other FINRA'!$C$5:$C$133,"In Progress") -> 19 | C5: =COUNTIF('Prod Pod'!$C$5:$C$6,"Needs Analysis")+COUNTIF('Other FINRA'!$C$5:$C$133,"Needs Analysis") -> 6 | D5: =COUNTIF('Prod Pod'!$C$5:$C$6,"To Do")+COUNTIF('Other FINRA'!$C$5:$C$133,"To Do") -> 106 | F5: =COUNTA('Prod Pod'!$C$5:$C$6) -> 2 | G5: =SUM('Prod Pod'!$G$5:$G$6)+SUM('Other FINRA'!$G$5:$G$133) -> 52
A8: Status | B8: Prod Pod | C8: Other FINRA | D8: Total | F8: Assignee | G8: Tickets | H8: Team | I8: Hours
A9: In Progress | B9: =COUNTIF('Prod Pod'!$C$5:$C$6,A9) -> 0 | C9: =COUNTIF('Other FINRA'!$C$5:$C$133,A9) -> 19 | D9: =B9+C9 -> 19 | F9: Shibi Ramaiyan | G9: =COUNTIF('Prod Pod'!$E$5:$E$6,F9)+COUNTIF('Other FINRA'!$E$5:$E$133,F9) -> 2 | H9: Prod Pod | I9: =SUMIF('Prod Pod'!$E$5:$E$6,F9,'Prod Pod'!$G$5:$G$6)+SUMIF('Other FINRA'!$E$5:$E$133,F9,'Other FINRA'!$G$5:$G$133) -> 4
A10: Needs Analysis | B10: =COUNTIF('Prod Pod'!$C$5:$C$6,A10) -> 1 | C10: =COUNTIF('Other FINRA'!$C$5:$C$133,A10) -> 5 | D10: =B10+C10 -> 6 | F10: Abiola Banjoko | G10: =COUNTIF('Prod Pod'!$E$5:$E$6,F10)+COUNTIF('Other FINRA'!$E$5:$E$133,F10) -> 1 | H10: Other | I10: =SUMIF('Prod Pod'!$E$5:$E$6,F10,'Prod Pod'!$G$5:$G$6)+SUMIF('Other FINRA'!$E$5:$E$133,F10,'Other FINRA'!$G$5:$G$133) -> 0
A11: To Do | B11: =COUNTIF('Prod Pod'!$C$5:$C$6,A11) -> 1 | C11: =COUNTIF('Other FINRA'!$C$5:$C$133,A11) -> 105 | D11: =B11+C11 -> 106 | F11: Bleta Jashari | G11: =COUNTIF('Prod Pod'!$E$5:$E$6,F11)+COUNTIF('Other FINRA'!$E$5:$E$133,F11) -> 8 | H11: Other | I11: =SUMIF('Prod Pod'!$E$5:$E$6,F11,'Prod Pod'!$G$5:$G$6)+SUMIF('Other FINRA'!$E$5:$E$133,F11,'Other FINRA'!$G$5:$G$133) -> 0
A12: Total | B12: =SUM(B9:B11) -> 2 | C12: =SUM(C9:C11) -> 129 | D12: =SUM(D9:D11) -> 131 | F12: Corinne Tighe | G12: =COUNTIF('Prod Pod'!$E$5:$E$6,F12)+COUNTIF('Other FINRA'!$E$5:$E$133,F12) -> 1 | H12: Other | I12: =SUMIF('Prod Pod'!$E$5:$E$6,F12,'Prod Pod'!$G$5:$G$6)+SUMIF('Other FINRA'!$E$5:$E$133,F12,'Other FINRA'!$G$5:$G$133) -> 0
F13: Dalvinder Grewal | G13: =COUNTIF('Prod Pod'!$E$5:$E$6,F13)+COUNTIF('Other FINRA'!$E$5:$E$133,F13) -> 1 | H13: Other | I13: =SUMIF('Prod Pod'!$E$5:$E$6,F13,'Prod Pod'!$G$5:$G$6)+SUMIF('Other FINRA'!$E$5:$E$133,F13,'Other FINRA'!$G$5:$G$133) -> 0
F14: James Simmons | G14: =COUNTIF('Prod Pod'!$E$5:$E$6,F14)+COUNTIF('Other FINRA'!$E$5:$E$133,F14) -> 8 | H14: Other | I14: =SUMIF('Prod Pod'!$E$5:$E$6,F14,'Prod Pod'!$G$5:$G$6)+SUMIF('Other FINRA'!$E$5:$E$133,F14,'Other FINRA'!$G$5:$G$133) -> 0
F15: Mansi Chadha | G15: =COUNTIF('Prod Pod'!$E$5:$E$6,F15)+COUNTIF('Other FINRA'!$E$5:$E$133,F15) -> 1 | H15: Other | I15: =SUMIF('Prod Pod'!$E$5:$E$6,F15,'Prod Pod'!$G$5:$G$6)+SUMIF('Other FINRA'!$E$5:$E$133,F15,'Other FINRA'!$G$5:$G$133) -> 0
F16: Milan Dusara | G16: =COUNTIF('Prod Pod'!$E$5:$E$6,F16)+COUNTIF('Other FINRA'!$E$5:$E$133,F16) -> 1 | H16: Other | I16: =SUMIF('Prod Pod'!$E$5:$E$6,F16,'Prod Pod'!$G$5:$G$6)+SUMIF('Other FINRA'!$E$5:$E$133,F16,'Other FINRA'!$G$5:$G$133) -> 0
F17: Mitali Bhavsar | G17: =COUNTIF('Prod Pod'!$E$5:$E$6,F17)+COUNTIF('Other FINRA'!$E$5:$E$133,F17) -> 3 | H17: Other | I17: =SUMIF('Prod Pod'!$E$5:$E$6,F17,'Prod Pod'!$G$5:$G$6)+SUMIF('Other FINRA'!$E$5:$E$133,F17,'Other FINRA'!$G$5:$G$133) -> 0
F18: Pavan Vemunuri | G18: =COUNTIF('Prod Pod'!$E$5:$E$6,F18)+COUNTIF('Other FINRA'!$E$5:$E$133,F18) -> 1 | H18: Other | I18: =SUMIF('Prod Pod'!$E$5:$E$6,F18,'Prod Pod'!$G$5:$G$6)+SUMIF('Other FINRA'!$E$5:$E$133,F18,'Other FINRA'!$G$5:$G$133) -> 21
F19: Prabhjot Singh | G19: =COUNTIF('Prod Pod'!$E$5:$E$6,F19)+COUNTIF('Other FINRA'!$E$5:$E$133,F19) -> 1 | H19: Other | I19: =SUMIF('Prod Pod'!$E$5:$E$6,F19,'Prod Pod'!$G$5:$G$6)+SUMIF('Other FINRA'!$E$5:$E$133,F19,'Other FINRA'!$G$5:$G$133) -> 0
F20: Rohith Kunnilethu | G20: =COUNTIF('Prod Pod'!$E$5:$E$6,F20)+COUNTIF('Other FINRA'!$E$5:$E$133,F20) -> 1 | H20: Other | I20: =SUMIF('Prod Pod'!$E$5:$E$6,F20,'Prod Pod'!$G$5:$G$6)+SUMIF('Other FINRA'!$E$5:$E$133,F20,'Other FINRA'!$G$5:$G$133) -> 8
F21: Ryo Poc | G21: =COUNTIF('Prod Pod'!$E$5:$E$6,F21)+COUNTIF('Other FINRA'!$E$5:$E$133,F21) -> 2 | H21: Other | I21: =SUMIF('Prod Pod'!$E$5:$E$6,F21,'Prod Pod'!$G$5:$G$6)+SUMIF('Other FINRA'!$E$5:$E$133,F21,'Other FINRA'!$G$5:$G$133) -> 0
F22: Sanchivan Sivadasan | G22: =COUNTIF('Prod Pod'!$E$5:$E$6,F22)+COUNTIF('Other FINRA'!$E$5:$E$133,F22) -> 1 | H22: Other | I22: =SUMIF('Prod Pod'!$E$5:$E$6,F22,'Prod Pod'!$G$5:$G$6)+SUMIF('Other FINRA'!$E$5:$E$133,F22,'Other FINRA'!$G$5:$G$133) -> 5
F23: Satwinder Randhawa | G23: =COUNTIF('Prod Pod'!$E$5:$E$6,F23)+COUNTIF('Other FINRA'!$E$5:$E$133,F23) -> 5 | H23: Other | I23: =SUMIF('Prod Pod'!$E$5:$E$6,F23,'Prod Pod'!$G$5:$G$6)+SUMIF('Other FINRA'!$E$5:$E$133,F23,'Other FINRA'!$G$5:$G$133) -> 0
F24: Thiva Varatharajah | G24: =COUNTIF('Prod Pod'!$E$5:$E$6,F24)+COUNTIF('Other FINRA'!$E$5:$E$133,F24) -> 1 | H24: Other | I24: =SUMIF('Prod Pod'!$E$5:$E$6,F24,'Prod Pod'!$G$5:$G$6)+SUMIF('Other FINRA'!$E$5:$E$133,F24,'Other FINRA'!$G$5:$G$133) -> 0
F25: Timothy Chiang | G25: =COUNTIF('Prod Pod'!$E$5:$E$6,F25)+COUNTIF('Other FINRA'!$E$5:$E$133,F25) -> 2 | H25: Other | I25: =SUMIF('Prod Pod'!$E$5:$E$6,F25,'Prod Pod'!$G$5:$G$6)+SUMIF('Other FINRA'!$E$5:$E$133,F25,'Other FINRA'!$G$5:$G$133) -> 1
F26: Unassigned | G26: =COUNTIF('Prod Pod'!$E$5:$E$6,"Unassigned")+COUNTIF('Other FINRA'!$E$5:$E$133,"Unassigned") -> 91 | H26: Other | I26: =SUMIF('Prod Pod'!$E$5:$E$6,F26,'Prod Pod'!$G$5:$G$6)+SUMIF('Other FINRA'!$E$5:$E$133,F26,'Other FINRA'!$G$5:$G$133) -> 13
A44: How tickets were selected
A45: • Current status is In Progress, Needs Analysis or To Do.
A46: • Client field = FINRA, “FINRA” or the “FIN -” project prefix in the title, or a FINRA / “FIN -” parent ticket; titles, descriptions and comments were all searched.
A47: • Prod Pod = tickets assigned to Shibi Ramaiyan or Yetunde Sanusi.
A48: • Notes flag tickets with no update in over 90 days, multi-client tickets and subtasks.
A49: • The ‘For Review’ tab lists 4 multi-client tickets not counted: 3 ETL 2.0 pilot tickets and IR-907 (reporting issue across 10 clients).
A50: • Not counted: CR-489 (DEL), MEG-33053, MEG-21407 and MEG-28712 (Block/BMO) and MEG-24951 (cancelled GBC clone), which only mention FINRA or FIN in passing.
A51: • Hours Logged is the total time logged on each ticket in Jira, all time, including subtasks. Epics count only their own time; child-ticket hours are in the Notes column so nothing is counted twice.
A52: • Last Updated is the ticket's last-updated date in Jira. Totals are live formulas over the Prod Pod and Other FINRA tabs.

Sheet Prod Pod
A1: Prod Pod — FINRA Open Work
A2: Assignee: Shibi Ramaiyan or Yetunde Sanusi · as of 14 Oct 2026
A4: Ticket | B4: Summary | C4: Status | D4: Reporter | E4: Assignee | F4: Last Updated | G4: Hours Logged | H4: Notes
A5: IP-3012 | B5: Upgrade the Microsoft Office 365 authentication method for Einstein Activity Capture | C5: Needs Analysis | D5: Shibi Ramaiyan | E5: Shibi Ramaiyan | F5: 2026-10-13 | G5: 0 | H5: Multi-client: Client field = Breakthru, FINRA, Anaplan, OPS
A6: IP-2856 | B6: FINRA: Financial Approver Visibility | C6: To Do | D6: Darci Frye | E6: Shibi Ramaiyan | F6: 2026-10-14 | G6: 4
A7: Total hours logged | G7: =SUM(G5:G6) -> 4

Sheet Other FINRA
A1: Other FINRA Open Work
A2: All remaining open FINRA tickets, including unassigned · as of 14 Oct 2026
A4: Ticket | B4: Summary | C4: Status | D4: Reporter | E4: Assignee | F4: Last Updated | G4: Hours Logged | H4: Notes
A5: MEG-18805 | B5: FIN - Discovery | C5: In Progress | D5: Ryan Quesnel | E5: Unassigned | F5: 2025-03-05 | G5: 13 | H5: Hours include child tickets · No update in 588 days
A6: MEG-19584 | B6: FIN - Data Migration / Load Sheets (PROD) - Business Validation | C6: In Progress | D6: David Kong | E6: Bleta Jashari | F6: 2025-06-18 | G6: 0 | H6: No update in 483 days
A7: MEG-19591 | B7: FIN - Data Migration / Load Sheets (PROD) - Dev Uploads | C7: In Progress | D7: David Kong | E7: Dalvinder Grewal | F7: 2025-04-29 | G7: 0 | H7: No update in 533 days
A8: MEG-19723 | B8: FIN - SIT & Regression Testing (Test/Staging) - QA | C8: In Progress | D8: David Kong | E8: Mitali Bhavsar | F8: 2025-05-14 | G8: 0 | H8: No update in 518 days
A9: MEG-19851 | B9: PH-To Test Auto-calculate OT rates on Engagement Assignment and on Convert to Engagement | C9: In Progress | D9: Suman Dsa | E9: Unassigned | F9: 2025-12-01 | G9: 0 | H9: QA test · Under MEG-20726 FIN-QA Testing · No update in 317 days
A10: MEG-19852 | B10: PH- To Test if Users are prevented from cloning Vendor Sourced Or Payroll, Engagement Assignments | C10: In Progress | D10: Suman Dsa | E10: Unassigned | F10: 2025-12-01 | G10: 0 | H10: QA test · Under MEG-20726 FIN-QA Testing · No update in 317 days
A11: MEG-19853 | B11: PH- To Test view/edit access of users (VMO MSP, HM and Suppliers) on Rate object on assignment | C11: In Progress | D11: Suman Dsa | E11: Unassigned | F11: 2025-12-01 | G11: 0 | H11: QA test · Under MEG-20726 FIN-QA Testing · No update in 317 days
A12: MEG-19938 | B12: ASSUMPTION - Master Data Files sync'ing daily | C12: In Progress | D12: David Kong | E12: Bleta Jashari | F12: 2025-07-10 | G12: 0 | H12: Under MEG-18947 FIN - PROD Cutover Activities · No update in 461 days
A13: MEG-20014 | B13: To test Clone Engagement Assignment - HeadCount Assignments | C13: In Progress | D13: Mitali Bhavsar | E13: Unassigned | F13: 2025-12-01 | G13: 0 | H13: QA test · Under MEG-20726 FIN-QA Testing · No update in 317 days
A14: MEG-20019 | B14: To test Clone Engagement Assignment - Clone Assignments | C14: In Progress | D14: Mitali Bhavsar | E14: Unassigned | F14: 2025-12-03 | G14: 0 | H14: QA test · Under MEG-20726 FIN-QA Testing · No update in 315 days
A15: MEG-20027 | B15: To test Create Rate and Set Rate as Primary rate. | C15: In Progress | D15: Mitali Bhavsar | E15: Unassigned | F15: 2025-12-01 | G15: 0 | H15: QA test · Under MEG-20726 FIN-QA Testing · No update in 317 days
A16: MEG-20107 | B16: FIN - Setup DevOps Pipeline (to QA/FULL) | C16: In Progress | D16: Ryan Quesnel | E16: Pavan Vemunuri | F16: 2025-04-04 | G16: 21 | H16: Hours include child tickets · No update in 558 days
... A35: CR-1285 | B35: FINRA: PO dates extended via Extension Workflow | C35: To Do | D35: Darci Frye | E35: Unassigned | F35: 2026-06-24 | G35: 0 | H35: No update in 112 days
A36: CR-1316 | B36: FINRA: Update Case Visibility for HM | C36: To Do | D36: Darci Frye | E36: Unassigned | F36: 2026-07-16 | G36: 0
A37: CR-1338 | B37: FINRA: Jake Galbrith Dashboard Creation Access | C37: To Do | D37: Darci Frye | E37: Unassigned | F37: 2026-07-29 | G37: 0
A38: CR-1381 | B38: FINRA: 1074 Approval Authority – Supervisory Organization Manager Decoupling Review | C38: To Do | D38: Darci Frye | E38: Unassigned | F38: 2026-08-26 | G38: 0
A39: CR-1421 | B39: FINRA: Supplier Task and Approval Notification Enhancements | C39: To Do | D39: Darci Frye | E39: Unassigned | F39: 2026-09-30 | G39: 0
A40: CR-859 | B40: FIN - Clean up redundant position fields on the assignment and redundant position records | C40: To Do | D40: Timothy Chiang | E40: Unassigned | F40: 2025-10-01 | G40: 0 | H40: No update in 378 days
A41: IP-2525 | B41: FINRA: Send to Workday Error Message | C41: To Do | D41: Darci Frye | E41: Unassigned | F41: 2026-04-15 | G41: 0 | H41: No update in 182 days
A42: IP-2879 | B42: FINRA - When they rehire, the wizard creates a duplicate contrator contact | C42: To Do | D42: Timothy Chiang | E42: Milan Dusara | F42: 2026-06-22 | G42: 0 | H42: No update in 114 days
A43: IP-3022 | B43: FINRA: Requisition Filled Email- Sending twice | C43: To Do | D43: Darci Frye | E43: Unassigned | F43: 2026-08-06 | G43: 0
A44: IP-3170 | B44: FIN - Birthdays in dataloaded legacy contractors have the wrong birthdays | C44: To Do | D44: Timothy Chiang | E44: Unassigned | F44: 2026-09-29 | G44: 0
A45: IR-447 | B45: Expense Report Approval Delegation – Handling End of Delegation Period (In-Flight Approvals) | C45: To Do | D45: Mitali Bhavsar | E45: Ryo Poc | F45: 2026-03-25 | G45: 0 | H45: No update in 203 days
A46: IR-450 | B46: FINRA - Callout Record Analysis | C46: To Do | D46: Milan Dusara | E46: Unassigned | F46: 2025-07-22 | G46: 0 | H46: No update in 449 days
A47: IR-461 | B47: FINRA - Training to Schedule Reports | C47: To Do | D47: Milan Dusara | E47: Corinne Tighe | F47: 2025-08-11 | G47: 0 | H47: No update in 429 days
A48: IR-481 | B48: FIN - Disabled Before Trigger Flow Analysis and Fix | C48: To Do | D48: Timothy Chiang | E48: Mansi Chadha | F48: 2025-09-17 | G48: 0 | H48: No update in 392 days
A49: IR-493 | B49: FIN - Handle outstanding assignments that need to be retriggered | C49: To Do | D49: Timothy Chiang | E49: Unassigned | F49: 2026-03-25 | G49: 0 | H49: No update in 203 days
A50: IR-494 | B50: FIN - Business to decide if contacts is an issue | C50: To Do | D50: Timothy Chiang | E50: Unassigned | F50: 2026-03-25 | G50: 0 | H50: No update in 203 days
A51: IR-495 | B51: FIN - Handle outstanding cases that need to be retriggered | C51: To Do | D51: Timothy Chiang | E51: Unassigned | F51: 2026-03-25 | G51: 0 | H51: No update in 203 days
A52: IR-496 | B52: FIN - Business to decide if rates is an issue | C52: To Do | D52: Timothy Chiang | E52: Unassigned | F52: 2026-03-25 | G52: 0 | H52: No update in 203 days
A53: IR-497 | B53: FIN - Business to decide if tasks (finger printing) is an issue | C53: To Do | D53: Timothy Chiang | E53: Unassigned | F53: 2026-03-25 | G53: 0 | H53: No update in 203 days
A54: IR-812 | B54: FINRA - can we please have Inbound Integration Record in Timesheet quick links | C54: To Do | D54: Katy Godfrey | E54: Unassigned | F54: 2026-04-10 | G54: 0 | H54: No update in 187 days
A55: MEG-18880 | B55: FIN - Business | C55: To Do | D55: Corinne Tighe | E55: Unassigned | F55: 2025-02-25 | G55: 0 | H55: Epic · No update in 596 days
A56: MEG-18920 | B56: FIN - Configuration | C56: To Do | D56: David Kong | E56: Unassigned | F56: 2025-01-09 | G56: 0 | H56: Epic · 0.5 h logged across its child tickets (not counted) · No update in 643 days
... A133: STAR-1696 | B133: FINRA specific reporting | C133: To Do | D133: Satwinder Randhawa | E133: Unassigned | F133: 2025-06-10 | G133: 0 | H133: No update in 491 days
A134: Total hours logged | G134: =SUM(G5:G133) -> 48

Sheet For Review
A1: For Review — Not Counted in Totals
A2: Multi-client tickets that include FINRA work; decide whether to include
A4: Ticket | B4: Summary | C4: Status | D4: Reporter | E4: Assignee | F4: Last Updated | G4: Hours Logged | H4: Notes
A5: CBT-137 | B5: .NET build of the three evaluation scenarios (FINRA 400, Rogers Freelancers, Anaplan P1000 Employees) | C5: In Progress | D5: mohsinb | E5: mohsinb | F5: 2026-10-13 | G5: 0 | H5: Multi-client ETL 2.0 pilot: FINRA 400 is one of three scenarios
A6: CBT-85 | B6: Define pilot exit criteria and reconciliation method | C6: In Progress | D6: mohsinb | E6: mohsinb | F6: 2026-10-13 | G6: 0 | H6: Multi-client ETL 2.0 pilot: scorecard covers FINRA 400, Rogers Freelancers and Anaplan P1000
A7: CBT-97 | B7: Assess ADF-native versus Functions per pilot workload | C7: In Progress | D7: mohsinb | E7: mohsinb | F7: 2026-10-13 | G7: 0 | H7: Multi-client ETL 2.0 pilot: workloads include FINRA 400 and Rogers 1500
A8: IR-907 | B8: Verify Your Identity Prompt When Exporting Reports - Wrong Report Output than Selected | C8: To Do | D8: Darci Frye | E8: Unassigned | F8: 2026-07-22 | G8: 0 | H8: Multi-client: FINRA is one of 10 clients affected (with Anaplan, Deloitte, FanDuel, KPMG, PwC and others)
A9: Total hours logged | G9: =SUM(G5:G8) -> 0
