Workbook

Sheet Summary
A1: FINRA — Completed Tickets Report
A2: Jira (megatron) · 14 Aug 2026 – 14 Oct 2026 · Done, Ready for Test, Needs Client Test, Ready for Promotion, Testing
A4: Total completed tickets | B4: Done | C4: In test / promotion | D4: Prod Pod
A5: =COUNTA('Prod Pod'!$C$5:$C$12)+COUNTA('Other FINRA'!$C$5:$C$12) -> 16 | B5: =COUNTIF('Prod Pod'!$C$5:$C$12,"Done")+COUNTIF('Other FINRA'!$C$5:$C$12,"Done") -> 12 | C5: =A5-B5 -> 4 | D5: =COUNTA('Prod Pod'!$C$5:$C$12) -> 8
A8: Status | B8: Prod Pod | C8: Other FINRA | D8: Total | F8: Assignee | G8: Tickets | H8: Team
A9: Done | B9: =COUNTIF('Prod Pod'!$C$5:$C$12,A9) -> 5 | C9: =COUNTIF('Other FINRA'!$C$5:$C$12,A9) -> 7 | D9: =B9+C9 -> 12 | F9: Shibi Ramaiyan | G9: =COUNTIF('Prod Pod'!$E$5:$E$12,F9)+COUNTIF('Other FINRA'!$E$5:$E$12,F9) -> 7 | H9: Prod Pod
A10: Ready for Promotion | B10: =COUNTIF('Prod Pod'!$C$5:$C$12,A10) -> 0 | C10: =COUNTIF('Other FINRA'!$C$5:$C$12,A10) -> 1 | D10: =B10+C10 -> 1 | F10: Yetunde Sanusi | G10: =COUNTIF('Prod Pod'!$E$5:$E$12,F10)+COUNTIF('Other FINRA'!$E$5:$E$12,F10) -> 1 | H10: Prod Pod
A11: Needs Client Test | B11: =COUNTIF('Prod Pod'!$C$5:$C$12,A11) -> 1 | C11: =COUNTIF('Other FINRA'!$C$5:$C$12,A11) -> 0 | D11: =B11+C11 -> 1 | F11: Chetan Pradhan | G11: =COUNTIF('Prod Pod'!$E$5:$E$12,F11)+COUNTIF('Other FINRA'!$E$5:$E$12,F11) -> 2 | H11: Other
A12: Ready for Test | B12: =COUNTIF('Prod Pod'!$C$5:$C$12,A12) -> 2 | C12: =COUNTIF('Other FINRA'!$C$5:$C$12,A12) -> 0 | D12: =B12+C12 -> 2 | F12: Daniel Richards | G12: =COUNTIF('Prod Pod'!$E$5:$E$12,F12)+COUNTIF('Other FINRA'!$E$5:$E$12,F12) -> 1 | H12: Other
A13: Testing | B13: =COUNTIF('Prod Pod'!$C$5:$C$12,A13) -> 0 | C13: =COUNTIF('Other FINRA'!$C$5:$C$12,A13) -> 0 | D13: =B13+C13 -> 0 | F13: Timothy Chiang | G13: =COUNTIF('Prod Pod'!$E$5:$E$12,F13)+COUNTIF('Other FINRA'!$E$5:$E$12,F13) -> 3 | H13: Other
A14: Total | B14: =SUM(B9:B13) -> 8 | C14: =SUM(C9:C13) -> 8 | D14: =SUM(D9:D13) -> 16 | F14: Unassigned | G14: =COUNTIF('Prod Pod'!$E$5:$E$12,"Unassigned")+COUNTIF('Other FINRA'!$E$5:$E$12,"Unassigned") -> 2 | H14: Other
A32: How tickets were selected
A33: • Client field = FINRA, or “FINRA” in the title; titles, descriptions and comments were all searched.
A34: • Current status is Done, Ready for Test, Needs Client Test, Ready for Promotion or Testing, and the status changed on or after 14 Aug 2026.
A35: • Prod Pod = tickets assigned to Shibi Ramaiyan or Yetunde Sanusi.
A36: • MEG-33917 is borderline (likely a Block client ticket that references FINRA projects); excluding it gives 15.
A37: • The ‘For Review’ tab lists 3 tickets not counted: 2 multi-client tickets that include FINRA, and 1 FINRA ticket that was reopened.
A38: • Last Updated is the ticket's last-updated date in Jira. Totals are live formulas over the Prod Pod and Other FINRA tabs.

Sheet Prod Pod
A1: Prod Pod — FINRA Completed Tickets
A2: Assignee: Shibi Ramaiyan or Yetunde Sanusi · 14 Aug – 14 Oct 2026
A4: Ticket | B4: Summary | C4: Status | D4: Reporter | E4: Assignee | F4: Last Updated | G4: Notes
A5: CR-1274 | B5: FINRA: Supplier Enhancements | C5: Done | D5: Darci Frye | E5: Yetunde Sanusi | F5: 2026-10-07
A6: CR-1310 | B6: FINRA DR Test Attestation Request – Calendar Year 2026 | C6: Done | D6: Neha Sachdeva | E6: Shibi Ramaiyan | F6: 2026-08-19
A7: IP-2790 | B7: FINRA: Unable to process “Cancelled Before Start” on FINRA assignments – system requires Workday-originated action | C7: Done | D7: Darci Frye | E7: Shibi Ramaiyan | F7: 2026-08-19
A8: IP-2991 | B8: FINRA: Ryan Waite – No Onboarding Activities Generated | C8: Done | D8: Darci Frye | E8: Shibi Ramaiyan | F8: 2026-08-17
A9: IP-3086 | B9: FINRA: Organizational Dashboard Not Displaying Requisition Assignments for Certain Leaders | C9: Done | D9: Darci Frye | E9: Shibi Ramaiyan | F9: 2026-09-09
A10: IP-3005 | B10: FINRA: Workday Supplier Contract Amendment Callout Failing Due to Apostrophe Encoding in SOAP XML Payload | C10: Needs Client Test | D10: Darci Frye | E10: Shibi Ramaiyan | F10: 2026-09-09
A11: CR-1072 | B11: FINRA: CR-01 Minor Enhancements | C11: Ready for Test | D11: Darci Frye | E11: Shibi Ramaiyan | F11: 2026-09-21
A12: CR-1252 | B12: FINRA: Enable Approval via Email for Expenses, Assignment Changes, and Cases | C12: Ready for Test | D12: Darci Frye | E12: Shibi Ramaiyan | F12: 2026-10-05

Sheet Other FINRA
A1: Other FINRA Completed Tickets
A2: All remaining FINRA tickets, including unassigned · 14 Aug – 14 Oct 2026
A4: Ticket | B4: Summary | C4: Status | D4: Reporter | E4: Assignee | F4: Last Updated | G4: Notes
A5: CBT-146 | B5: FINRA: ETL test sandbox, integration user and test data | C5: Done | D5: mohsinb | E5: Chetan Pradhan | F5: 2026-10-06
A6: CR-1428 | B6: FINRA: Investigate Workday Allocation Resend Errors and Worker/Contract ID Mismatches | C6: Done | D6: Darci Frye | E6: Unassigned | F6: 2026-10-02
A7: IP-3125 | B7: FINRA: Rehire Process Issues & Current Rehire Remediation | C7: Done | D7: Darci Frye | E7: Timothy Chiang | F7: 2026-09-09
A8: IP-3152 | B8: FINRA: Re-Hire Issue – Incorrect Applicant ID Created Wrong Contingent Worker Profile | C8: Done | D8: Darci Frye | E8: Timothy Chiang | F8: 2026-09-18
A9: IP-3167 | B9: FINRA: Re-Hire Process Failed Due to Incorrect Applicant/Workday ID | C9: Done | D9: Darci Frye | E9: Timothy Chiang | F9: 2026-09-25
A10: IP-3180 | B10: FINRA: Manager Portal Displaying Other Managers' Pending Approvals | C10: Done | D10: Darci Frye | E10: Chetan Pradhan | F10: 2026-10-08
A11: MEG-33917 | B11: Block – Add mandatory “Will this job support Finra projects?” Yes/No field to Magnit section | C11: Done | D11: Sarah Greenwood | E11: Daniel Richards | F11: 2026-10-07 | G11: Likely a Block client ticket that references FINRA projects
A12: IP-3190 | B12: Managers can see timesheets pending approval for other managers – related to IP-3180 | C12: Ready for Promotion | D12: Neha Sachdeva | E12: Unassigned | F12: 2026-10-08 | G12: Client field = FINRA

Sheet For Review
A1: For Review — Not Counted in Totals
A2: Partially FINRA or reopened; decide whether to include
A4: Ticket | B4: Summary | C4: Status | D4: Reporter | E4: Assignee | F4: Last Updated | G4: Notes
A5: CBT-138 | B5: Knowledge sharing for the evaluation: scenario documentation, v1.28 rules session, Talend inventory | C5: Done | D5: mohsinb | E5: Unassigned | F5: 2026-10-13 | G5: Multi-client: covers FINRA 400 scenario documentation alongside Anaplan and Rogers
A6: IR-955 | B6: UAT Sites Down | C6: Done | D6: Darci Frye | E6: Pavan Vemunuri | F6: 2026-09-28 | G6: Multi-client: FINRA is one of 6 impacted UAT sites (with Anaplan, Deloitte, FanDuel, KPMG, PwC)
A7: IP-2856 | B7: FINRA: Financial Approver Visibility | C7: To Do | D7: — | E7: Shibi Ramaiyan | F7: — | G7: Reached a completed status in the period, then reopened; not currently complete
